"species","roc","prg","cor","model","time","bg"
"Lumb_terr",0.95132286546826,0.957828009482202,0.233931193605905,"gm_pred",12.5898895343145,"bg.glm"
"Lumb_terr",0.938127366785807,0.943253107735208,0.247760282370917,"lm1_pred",0.314013004302979,"bg.glm"
"Lumb_terr",0.93473543427433,0.919579832566342,0.25751007299138,"lm_subset_pred",1.12771063248316,"bg.glm"
"Lumb_terr",0.94568133517591,0.973612840656648,0.395048262625868,"lasso_pred",5.52601366440455,"bg.glm"
"Lumb_terr",0.92917465726273,0.927867740564826,0.350033674158156,"ridge_pred",35.2793760299683,"bg.glm"
"Lumb_terr",0.830766806590298,0.8246130702308,0.663350381498553,"mars_pred",23.2645026922226,"bg.mars"
"Lumb_terr",0.950953581304836,0.978543999194289,0.496671180733556,"maxmod_pred",1.16208568301466,"bg.glm"
"Lumb_terr",0.950659156022102,0.977844749827855,0.497344851466315,"maxnet_pred",2.32033863464991,"bg.glm"
"Lumb_terr",0.98180842279108,0.974199823734255,0.898956014136094,"brt_pred",3.01056461731593,"bg.rf"
