"species","roc","prg","cor","tss","kappa","thres.maxTSS","model","time","bg","no.runs"
"Lumb_terr",0.95132286546826,0.957828009482202,0.233931193605905,0.790970427500206,0.282,0.854370378310001,"gm_pred",12.2483683824539,"bg.glm",1
"Lumb_terr",0.938127366785807,0.943253107735208,0.247760282370917,0.763155343082082,0.303,0.810285786372243,"lm1_pred",0.30401086807251,"bg.glm",1
"Lumb_terr",0.93473543427433,0.919579832566342,0.25751007299138,0.750466762804332,0.254,0.792870533851003,"lm_subset_pred",1.08302516539892,"bg.glm",1
"Lumb_terr",0.945538101254581,0.972876386220223,0.394811475035035,0.782957580065846,0.303,0.62004195893356,"lasso_pred",4.50721351703008,"bg.glm",1
"Lumb_terr",0.92917465726273,0.927867740564826,0.350033674158155,0.749020571750911,0.271,0.64879210049551,"ridge_pred",32.1442511081696,"bg.glm",1
"Lumb_terr",0.830766806590298,0.8246130702308,0.663350381498553,0.619228781404026,0.646,0.3,"mars_pred",20.2705853939056,"bg.mars",1
"Lumb_terr",0.950953581304836,0.978543999194289,0.496671180733556,0.787915654671857,0.271,0.178677055979634,"maxmod_pred",31.5241360823313,"bg.glm",1
"Lumb_terr",0.950659156022102,0.977844749827855,0.497344851466315,0.79452475073319,0.274,0.17805955407782,"maxnet_pred",2.18378471533457,"bg.glm",1
